google_id,name,lat,lng
ChIJLToRJxACskARXYJ-9-5tw20,Bolta Rece,44.4641487,26.08479849999999
ChIJv5IF9RkCskAR2NiIR0oStkQ,Piccolo Mondo,44.46,26.0775
ChIJiQ5wxQ8CskARB2_8tKWQ-ho,Zexe Braserie,44.4646674,26.0857799
ChIJi_2ncAUCskARhQ9ZDc_o7gI,Hambar Brasserie,44.4622828,26.0856691
ChIJxcIO_hECskARXA0fCubpUo0,Poesia,44.46726839999999,26.0874098
ChIJ5Y86pwUCskARDFh-fk_A-Lw,Trattoria Verdi Aviatorilor,44.4614564,26.0855891
ChIJ-_GWVA4CskARFSXKcPziRcw,KFC Dorobanți,44.46476570000001,26.0883811
ChIJxfAKCA4CskAR8ZGtgPGG80c,Trattoria Buongiorno Primăverii,44.4672731,26.08815909999999
ChIJk6d0nxwCskARJ-a-gW6w6Ig,Il Calcio by Mr Val,44.45983519999999,26.0776753
ChIJuXBl9hsCskAR1YD9gaLZMFo,La Placinte,44.46092030000001,26.0745819
ChIJTUL46w0CskARhzUMgxVNX50,Fior di Latte,44.468025,26.0893556
ChIJX7-CDBwCskAR8lk8ddKqAfU,Pizza Hut Delivery,44.46036700000001,26.07448690000001
ChIJQ1VethwCskARsOB05mw_AjY,Cristine de casã,44.458805,26.0782975
ChIJ8emg6g0CskARq2l2ieuYQ9M,Osho,44.4682222,26.0895407
ChIJxX0hOD0CskARCuSoDpKARSs,Peru Bistro,44.4684344,26.0714096
ChIJ-U81nj0CskARWs1MOyZCNgk,Tezaal Food Impex S.A.,44.4689594,26.07161989999999
ChIJx2nJcT4CskARlNz-InDFFUM,Bordo Caffe & Pub,44.47163870000001,26.073273
ChIJNUcvhUD_sUARdaVH5Sf2h7k,City Grill Primăverii,44.4670401,26.08773529999999
ChIJYanWbz4CskARZr4OFgpAkJs,Tic Tac Fresh Food,44.4716399,26.0731732
ChIJtY4E9w8CskARFwYog5zUjHc,Joseph,44.4634667,26.08475829999999
ChIJpQdOvhECskARHltin9d7DhM,Quattro Stagioni,44.46663119999999,26.0844636
ChIJvZdtzBsCskAR1hUsuFbK9Ho,Restaurant Beirut,44.4626034,26.07621619999999
ChIJOSqXfgQCskARM1rKEdk2geI,Casa Doina,44.4588712,26.083187
ChIJxQgZ-wYCskARrmEFmkJK4L4,Salad Revolution,44.459186,26.0899678
ChIJ20urzhsCskARvquFakHnS3w,Jadoo,44.462589,26.076456
ChIJz2a1sLT4sUAR_ptQ354J7D0,Barca,44.465936,26.089549
ChIJS-smNBACskARrv_1EvlWiL8,Maison des Crêpes Aviatorilor,44.4654994,26.0837984
ChIJG-ZTW9EDskARo2-hcnNYhdc,Real Foods EPic72,44.46473719999999,26.08414299999999
ChIJq_jgwMwDskARISfTYJkOT4o,Ресторан,44.4627297,26.08092539999999
ChIJT9Y10BECskARjZdl9E20q8Q,La Samuelle,44.46602650000001,26.0851132
ChIJzUGuvN8DskARSQ7IHlM_Q7U,NOMZ - Comfort Food,44.4634247,26.0845281
ChIJG0tfEB0DskARgVoV3vwazQc,Raw Bakery,44.46391939999999,26.085026
ChIJpcu81AoDskARRd0dreicINQ,L esperance,44.4645345,26.0763611
ChIJPRcEXBcCskARDSJ9U2_i6i4,Ristorante Arco,44.46605479999999,26.0760825
ChIJQxq-VxECskARLM7LRV5b3CA,La Biblioteca,44.46882129999999,26.0817973
ChIJCyRTZwUCskAREpJCx4AB9fc,restaurant de familie,44.4629085,26.0849116
ChIJgc3uaAUCskARUprxc7v2YeE,La Geta,44.4629085,26.0849116
ChIJR2qOLyUDskARVhHa1PuW0pA,La Cocosatu,44.4628509,26.0764653
ChIJjzE0-hYCskARMAKxwAciJGU,Brutarie-patiserie-cofetarie -restaurant frantuzesc Arc Bakery,44.4680556,26.0766667
ChIJa_DBWgUCskARcSihLuHFWVY,Simo's kitchen,44.4620261,26.0840222
ChIJ1aZfz0MCskARKeEMekhaly4,Complex Herăstrău,44.4802176,26.078787
ChIJEYRjakcCskARyPSQOLGQn70,18Lounge,44.477383,26.071376
ChIJx2nJcT4CskARlNz-InDFFUM,Bordo Caffe & Pub,44.47163870000001,26.073273
ChIJWfXux0ECskARRruvypEnEik,Cherhanaua Ancora,44.4776,26.079886
ChIJx_wFjEACskARqVT9Wb606Nk,Berăria H,44.476641,26.075939
ChIJN_T9e0ACskARHQr_fgTFJQk,Hard Rock Cafe,44.47673779999999,26.0758791
ChIJeW_mK2oCskARqWEciQbX7TA,Ristorante IL CALCIO BTT,44.4776541,26.0852625
ChIJN0Jb4jkDskARCsSKtDU53iM,Meadows Restaurant & Events,44.4762797,26.0747511
ChIJDVODwWwCskAR3L_03h2huII,Funky Lounge Herăstrău,44.4732974,26.0880975
ChIJ826m3msCskARlS6O5oDnsk8,Biutiful By The Lake,44.4772393,26.0868045
ChIJVVXJnGkCskARRUKl52MbvPg,Grădina Bordei,44.4783568,26.0860293
ChIJYanWbz4CskARZr4OFgpAkJs,Tic Tac Fresh Food,44.4716399,26.0731732
ChIJ38UyF0cCskARMPhc6G46BqM,1 Minute City Gate,44.4781127,26.0726488
ChIJdZEUS2kCskARsY5b_rdgbpQ,Cuisine Navodari,44.47798999999999,26.08956289999999
ChIJNUcvhUD_sUAR-vQmSVZXyHQ,Casa di David,44.475727,26.089752
ChIJxcIO_hECskARXA0fCubpUo0,Poesia,44.46726839999999,26.0874098
ChIJ-U81nj0CskARWs1MOyZCNgk,Tezaal Food Impex S.A.,44.4689594,26.07161989999999
ChIJE_2mf2cCskARA9_WhmKSGQc,Zaitoone,44.4756364,26.092566
ChIJ8emg6g0CskARq2l2ieuYQ9M,Osho,44.4682222,26.0895407
ChIJTUL46w0CskARhzUMgxVNX50,Fior di Latte,44.468025,26.0893556
ChIJxfAKCA4CskAR8ZGtgPGG80c,Trattoria Buongiorno Primăverii,44.4672731,26.08815909999999
ChIJxX0hOD0CskARCuSoDpKARSs,Peru Bistro,44.4684344,26.0714096
ChIJX9RtZj4CskARTZfRTwNGOcY,Restaurant Casa Mara,44.4719771,26.0731
ChIJYalgh2kCskARqqkLSySQamM,Isoletta,44.4778811,26.0849493
ChIJe3Hy_WsCskAR3iUS69SaX7c,Bonton Palace,44.4771451,26.0885727
ChIJO_jHt2kCskARzQQTqz2HV2c,Stadio - Park,44.4797798,26.0859967
ChIJ885Uaj4CskAR9ZDzgyaDkRo,The Gate,44.4717344,26.0728709
ChIJpQdOvhECskARHltin9d7DhM,Quattro Stagioni,44.46663119999999,26.0844636
ChIJP9EXURMCskAR2fnExpIWHkw,Restaurant Pescăruș,44.47260239999999,26.0855252
ChIJNUcvhUD_sUARdaVH5Sf2h7k,City Grill Primăverii,44.4670401,26.08773529999999
ChIJA12EPmwCskAR7iWV137uVC0,Aqua,44.4754776,26.0895185
ChIJn1yggxUCskARADJqOw0C49A,Restaurant Muzeul Satului,44.4722623,26.0772252
ChIJIRyZuxACskARc_0HSmVAHlM,Hanul La Bariera,44.4722447,26.0772278
ChIJZZizO48DskARLjDJkeadA2M,Trattoria Il Calcio Kiseleff H,44.4757328,26.0756884
ChIJx2_twGwCskAR5WZQBK4ahxk,Taverna Racilor Herăstrău,44.4734187,26.0868829
ChIJhY948kACskAR9SpgK21Tlxk,Debarcader Miorița,44.4766726,26.07594109999999
ChIJXQAJdPEDskARif471MY5Ihc,Fratelli (Herastrau),44.4777809,26.0846494
ChIJFaUBGD4CskARzTpk4zIZTnk,La nostalgia,44.471758,26.0750575
ChIJMUTRAfYDskARzD_V_i1kjVQ,Herastrau,44.473543,26.0876792
ChIJwVKMEvEDskARBKuxlAMk_Gw,La Ceaunu' Crăpat,44.4766351,26.0747133
ChIJ1aZfz0MCskARKeEMekhaly4,Complex Herăstrău,44.4802176,26.078787
ChIJEYRjakcCskARyPSQOLGQn70,18Lounge,44.477383,26.071376
ChIJZTvcfmcCskARQZc1wj-EaXw,Les Colonnes,44.4845095,26.0889494
ChIJO0OvT1sCskARMgZ_B1ojvIA,Restaurant Diplomat,44.4847116,26.0795931
ChIJHzSzS10CskARqKh7Ps3xm6A,Trattoria il Calcio,44.4827174,26.0850704
ChIJb5ztVVoCskAR-UbiEGkCW5w,Subway,44.4870421,26.0789558
ChIJ7bSvrUUCskARvBgzCuh_ZWA,Stradale BBP,44.4825373,26.0740677
ChIJWfXux0ECskARRruvypEnEik,Cherhanaua Ancora,44.4776,26.079886
ChIJVVXJnGkCskARRUKl52MbvPg,Grădina Bordei,44.4783568,26.0860293
ChIJR4SeeEUCskARJbtRAAND7Jw,frufru fresh corner,44.4835178,26.0722517
ChIJeW_mK2oCskARqWEciQbX7TA,Ristorante IL CALCIO BTT,44.4776541,26.0852625
ChIJ826m3msCskARlS6O5oDnsk8,Biutiful By The Lake,44.4772393,26.0868045
ChIJN_T9e0ACskARHQr_fgTFJQk,Hard Rock Cafe,44.47673779999999,26.0758791
ChIJG2o2Y14CskAR18_bnBCUP3E,Nuba,44.4877318,26.0881354
ChIJx_wFjEACskARqVT9Wb606Nk,Berăria H,44.476641,26.075939
ChIJzYbL11gCskARmq31XqH2_Aw,Dobrogea Pizza,44.4897705,26.0844713
ChIJ38UyF0cCskARMPhc6G46BqM,1 Minute City Gate,44.4781127,26.0726488
ChIJdZEUS2kCskARsY5b_rdgbpQ,Cuisine Navodari,44.47798999999999,26.08956289999999
ChIJN0Jb4jkDskARCsSKtDU53iM,Meadows Restaurant & Events,44.4762797,26.0747511
ChIJga233z__sUAR2RvxbXnT6zY,Le Grenier à Pain,44.4840812,26.0918541
ChIJFepBSm8CskARZ9ybCE8R-Ts,Restaurant La Plăcinte,44.479986,26.092219
ChIJYalgh2kCskARqqkLSySQamM,Isoletta,44.4778811,26.0849493
ChIJO_jHt2kCskARzQQTqz2HV2c,Stadio - Park,44.4797798,26.0859967
ChIJ74Ma40UCskARoPqMudKlZnY,Restaurant Kantina,44.4814591,26.07160859999999
ChIJCVcXQ0j_sUARSvJEdIlH0rs,Bocca - Italian Gastronomy,44.48450620000001,26.0901475
ChIJe3Hy_WsCskAR3iUS69SaX7c,Bonton Palace,44.4771451,26.0885727
ChIJV0rf6TIDskARorIzdAuvhmI,LOFT DIPLOMAT,44.4846556,26.079949
ChIJf2i_7EMCskARnODK_L4VodM,Lake Lounge,44.4807666,26.0783639
ChIJN5ywT1sCskAR7TcdX2ENr1A,Flavours In The Garden at Diplomatic Club,44.4848313,26.0781074
ChIJn3rkb04DskARNov2oObfkog,Fratelli Clandestin,44.4802967,26.07881309999999
ChIJGx6JrLIDskARpwGKE692Y9g,TUYA Bucharest,44.48029589999999,26.0788136
ChIJ__-vw0MCskARNRZ8oKxv-XQ,Restaurant Argentine,44.48029589999999,26.0788136
ChIJ__-vw0MCskARN_7TXt3Gmr4,Il Calcio by Mr. VAL,44.4827454,26.0850792
ChIJ67aeVPQDskARIaDtJQO5nlY,Il Calcio Herastrau,44.4827129,26.0850846
ChIJVxr600ICskARI-3tQmBZ7Pc,La Fattoria,44.4805267,26.0858623
ChIJP6kcVRsDskARwUhSOzytpNM,Gregorys,44.4864751,26.0776334
ChIJbZT76dIDskARHxrpnMkGLoI,Zaar Lifestyle,44.4787014,26.0847425
ChIJTfbx2UsDskARKrZiuQrLQaQ,Matelotilor restaurant,44.486579,26.0753796
ChIJqwnAll0CskARkOg08sJmS30,The GRILL,44.4853589,26.0876899
ChIJQZEGhpgDskARWvM6y8rTbrQ,Romanian Barbacoa by Romanian Burger,44.4784324,26.0859082
ChIJxZeiwlcCskARwkiNnYkgMzE,Glamour Restro Cafe,44.4934606,26.07964209999999
ChIJK7iS__gCskARaXvdYDWJprI,WOW RESTAURANT&EVENTS,44.4970084,26.0795955
ChIJzYbL11gCskARmq31XqH2_Aw,Dobrogea Pizza,44.4897705,26.0844713
ChIJW1CgkPgCskARAWeTe7GSgIQ,La Jar,44.4950544,26.0779477
ChIJBzLLSPYCskAR-48GUweFjYg,Restaurant kang (dami),44.4940194,26.08603179999999
ChIJb5ztVVoCskAR-UbiEGkCW5w,Subway,44.4870421,26.0789558
ChIJG2o2Y14CskAR18_bnBCUP3E,Nuba,44.4877318,26.0881354
ChIJO0OvT1sCskARMgZ_B1ojvIA,Restaurant Diplomat,44.4847116,26.0795931
ChIJJ6PaGlgCskARfGw389000T0,Parohia Băneasa,44.4905288,26.0916198
ChIJIzzbpv8CskARYEbN334H_SU,Forever Pizza,44.4976089,26.0726178
ChIJGalQNf8CskARGSZj-0xARm8,Capricciosa,44.49587299999999,26.0771867
ChIJoWJjHvgCskARUvYPtPk-V2M,COCOȘATU'S PLACE,44.49444580000001,26.0823369
ChIJoYXyT1gCskARvB0lHf_Sanc,Bistro No.21,44.49150280000001,26.0830146
ChIJh5nONnoDskARTdCvd_BGScQ,Restaurant Voievodal Baneasa,44.49036940000001,26.0795305
ChIJlVZWDdoDskARqq0AMaDRw64,Chef's Gallery,44.4918147,26.0787062
ChIJlV0SQJkDskARILaxWWpgSbY,Eat.,44.49049819999999,26.07845469999999
ChIJ0Y4Tx1cCskARD_LRz0n-kLM,Bistro La Boieru,44.493131,26.078706
ChIJLefIVr4DskARoRk9FXVazbU,Saormeria Baneasa,44.4944807,26.0806015
ChIJu0Ez9vcCskARFRUvHxiss_8,Mister Kebab,44.49420369999999,26.08271969999999
ChIJ7654bfgCskARK0BE6ROPIaI,Danibi Băneasa,44.4945127,26.0804795
ChIJh4Nr9vcCskARmt33Jmg81Xc,Restaurant La Gil,44.4941667,26.0830556
ChIJMVwUQccDskARykndhTjr02k,Om hani restaurant -terasa,44.4944737,26.0796141
ChIJEa6TxhwDskAR5AIZBK11Im0,Om Hani lebanese restaurant,44.49248769999999,26.0857225
ChIJheN0bcoDskAR4kBvMgz8eI8,Cooperativa FRUFRU,44.495156,26.078545
ChIJnQw0--kDskARD1lOj72VU7E,Danielli Pizzeria,44.4912911,26.0748623
ChIJRdDor_cCskARd3B4104R8CI,La Madreela,44.4945596,26.085409
ChIJtTlGS18CskARHjI70WnwwyY,Saidoun Halal Resturant,44.4912127,26.0873151
ChIJP6kcVRsDskARwUhSOzytpNM,Gregorys,44.4864751,26.0776334
ChIJTfbx2UsDskARKrZiuQrLQaQ,Matelotilor restaurant,44.486579,26.0753796
ChIJV0rf6TIDskARorIzdAuvhmI,LOFT DIPLOMAT,44.4846556,26.079949
ChIJN5ywT1sCskAR7TcdX2ENr1A,Flavours In The Garden at Diplomatic Club,44.4848313,26.0781074
ChIJG80rV14DskAR5EDVkX_zrwc,Lanach Flavours,44.4879337,26.0894488
ChIJ51PHjloCskARJQPA4fTg2Ws,Dream Event,44.4863398,26.07320829999999
ChIJgXfBhV8CskAR4R5qOLyQuBs,Restaurant Gusteau's,44.4907908,26.0915754
ChIJre-zfvUCskARShSHL0ZIzQ0,Riviera Narghilea Nord,44.4914097,26.0917374
ChIJqwnAll0CskARkOg08sJmS30,The GRILL,44.4853589,26.0876899
ChIJL3PhXDIDskARnWNtHjdcR38,Kitchen,44.49147869999999,26.0919737
ChIJx62urK0DskARx7_Nq9HtUE8,Mancare cu Staif,44.4904426,26.0922673
ChIJK7iS__gCskARaXvdYDWJprI,WOW RESTAURANT&EVENTS,44.4970084,26.0795955
ChIJW1CgkPgCskARAWeTe7GSgIQ,La Jar,44.4950544,26.0779477
ChIJxZeiwlcCskARwkiNnYkgMzE,Glamour Restro Cafe,44.4934606,26.07964209999999
ChIJIzzbpv8CskARYEbN334H_SU,Forever Pizza,44.4976089,26.0726178
ChIJpyFZhOMCskARF6g3lhsCiJ0,IKEA Restaurant & Café,44.50621539999999,26.0855207
ChIJBzLLSPYCskAR-48GUweFjYg,Restaurant kang (dami),44.4940194,26.08603179999999
ChIJsTFe1eUCskARDN2X5jPS8z4,lasafi lebanese food,44.5074364,26.082589
ChIJd8phOeQCskARGTiLItW-joY,Greek Taverna,44.5056456,26.0886713
ChIJn6U3N-QCskARVcTIMSBIBic,Oro Toro,44.50574689999999,26.0886183
ChIJFbqz0-YCskARRnxSHsINwVs,City Grill Băneasa,44.506049,26.089479
ChIJ865Nu-YCskARIh66Islfdx8,Black by Doncafe,44.50581640000001,26.0888291
ChIJveA3MOQCskARvOhGWE1HZIA,Salad Box,44.5056805,26.0891615
ChIJfTCXMeQCskARmpm2YQxpXe4,Pep & Pepper,44.5056932,26.0891998
ChIJe8i_K-QCskARcLftTg0jFXo,Nordsee,44.5058645,26.0893796
ChIJPUQfOuQCskARW_k7XILYVNc,Soup Up!,44.5059823,26.0894793
ChIJGalQNf8CskARGSZj-0xARm8,Capricciosa,44.49587299999999,26.0771867
ChIJoWJjHvgCskARUvYPtPk-V2M,COCOȘATU'S PLACE,44.49444580000001,26.0823369
ChIJX28AwfwCskARpjPE5ujMKIs,1 minute Victoria Park,44.5048759,26.0803718
ChIJheN0bcoDskAR4kBvMgz8eI8,Cooperativa FRUFRU,44.495156,26.078545
ChIJxevAXlMDskARvMX5OgyLv34,Za German Wurstbar,44.5057623,26.0812838
ChIJ7654bfgCskARK0BE6ROPIaI,Danibi Băneasa,44.4945127,26.0804795
ChIJLefIVr4DskARoRk9FXVazbU,Saormeria Baneasa,44.4944807,26.0806015
ChIJMVwUQccDskARykndhTjr02k,Om hani restaurant -terasa,44.4944737,26.0796141
ChIJu0Ez9vcCskARFRUvHxiss_8,Mister Kebab,44.49420369999999,26.08271969999999
ChIJh4Nr9vcCskARmt33Jmg81Xc,Restaurant La Gil,44.4941667,26.0830556
ChIJRdDor_cCskARd3B4104R8CI,La Madreela,44.4945596,26.085409
ChIJj_FwY7EDskARbzenv66CGvE,Mille Crepes,44.5074364,26.082589
ChIJ0Y4Tx1cCskARD_LRz0n-kLM,Bistro La Boieru,44.493131,26.078706
ChIJVVVVVaUDskARPpkpm07RYfg,McDonald’s,44.5057881,26.0891944
ChIJE_lodR0DskARv5jMelbLENM,Taco Bell,44.50557439999999,26.0888201
ChIJW8BtMeQCskARuIFG5j8VY7s,Argentine,44.5056846,26.0887818
ChIJi0UqLuQCskARL6XPf8bpYXM,KFC Baneasa,44.5056345,26.08908559999999
ChIJ-f6ig-YCskAR1TrQxEFiYYI,Sheherazade,44.5057645,26.0890228
ChIJueuhpBgDskARpzMzrLMNyLM,KFC Baneasa DT,44.50778709999999,26.0846815
ChIJwYu0IaIDskAReZhm89cls0g,Băneasa Parc Terasă,44.507366,26.0756054
ChIJAfeaOuICskARxNQqaV6qfvQ,Ready to Box Chopstix,44.5057283,26.0893912
ChIJNX8oGFoDskARujbLUR1TF6s,Chocolat,44.5060442,26.0891236
ChIJ5cgNMOQCskAR5Wj-uKNzTE4,Taksim,44.5058452,26.0894755
ChIJMyEGSbIDskARIXLfNMC6Vv0,Avocadoo,44.50600959999999,26.0892644
ChIJa7AfpakDskARVPaWcrg4pCg,MELT Restaurant,44.5059848,26.0893296
ChIJLToRJxACskARXYJ-9-5tw20,Bolta Rece,44.4641487,26.08479849999999
ChIJ-_GWVA4CskARFSXKcPziRcw,KFC Dorobanți,44.46476570000001,26.0883811
ChIJxfAKCA4CskAR8ZGtgPGG80c,Trattoria Buongiorno Primăverii,44.4672731,26.08815909999999
ChIJxcIO_hECskARXA0fCubpUo0,Poesia,44.46726839999999,26.0874098
ChIJTUL46w0CskARhzUMgxVNX50,Fior di Latte,44.468025,26.0893556
ChIJiQ5wxQ8CskARB2_8tKWQ-ho,Zexe Braserie,44.4646674,26.0857799
ChIJ8emg6g0CskARq2l2ieuYQ9M,Osho,44.4682222,26.0895407
ChIJi_2ncAUCskARhQ9ZDc_o7gI,Hambar Brasserie,44.4622828,26.0856691
ChIJLxQqwwsCskARS2BHH-VZkuc,Club Floreasca,44.4671026,26.0955334
ChIJmUYRXggCskARqdnSYVXntnc,Gargantua D'oro,44.4621263,26.094306
ChIJAeGtUw4CskAROG3JpNVmbTg,Restaurant Four Seasons,44.46131639999999,26.0931985
ChIJ5Y86pwUCskARDFh-fk_A-Lw,Trattoria Verdi Aviatorilor,44.4614564,26.0855891
ChIJY8QgaQgCskAR3yU0ryS7BtU,Nuba Cafe,44.4618657,26.094583
ChIJzwOBugcCskAR6ptZkNbmlM0,Exile,44.459756,26.0924519
ChIJ4ZDqwAcCskARJhc9peou7A8,Petite,44.46,26.0933333
ChIJr2YPPQgCskARBk5l0pYtB2I,ZenSushi Dorobanti,44.4618163,26.0964098
ChIJJ6no4QcCskARgnStL1IcqWU,YUKI japanese home dining,44.4608,26.0953
ChIJxQgZ-wYCskARrmEFmkJK4L4,Salad Revolution,44.459186,26.0899678
ChIJXxObvQcCskAReQBgNWKbYhI,DonCafe Brasserie,44.4595169,26.0932084
ChIJl7xw7wcCskARkuIimpzkiKI,FRUDISIAC,44.4601762,26.095073
ChIJeXJjDgoCskARN3LGpyAHPNc,Grădina Floreasca,44.4653915,26.0990964
ChIJY_q99QcCskARBIVYRhavqFA,Rio Juice,44.459655,26.0952303
ChIJmRXznQcCskARSgmRhZ3-2LQ,Maize farm to table,44.45865289999999,26.0929978
ChIJ2wacwqf4sUAR370A0qpAaGw,SCANDIA SIBIU S.R.L.,44.4604272,26.0972756
ChIJ00Qc2T__sUARZyDt7df3ldc,Restaurantul Maccheroni,44.4621659,26.09943669999999
ChIJ2Zl-Daj4sUARYHURlKx-lRc,La Pescăria Dorobanților,44.459627,26.097061
ChIJDVODwWwCskAR3L_03h2huII,Funky Lounge Herăstrău,44.4732974,26.0880975
ChIJiUZQvqf4sUARMPfxP6W9ESE,rawdia,44.4611134,26.0991918
ChIJNUcvhUD_sUARdaVH5Sf2h7k,City Grill Primăverii,44.4670401,26.08773529999999
ChIJETfEQKj4sUARvUe6UmbvEbA,Pancakes & more,44.4588317,26.0965423
ChIJPWG6Oaj4sUARLxjCT9CGcgs,Yucca Wellness Center,44.4588166,26.09652269999999
ChIJtY4E9w8CskARFwYog5zUjHc,Joseph,44.4634667,26.08475829999999
ChIJpQdOvhECskARHltin9d7DhM,Quattro Stagioni,44.46663119999999,26.0844636
ChIJBz5HEwgCskAR7ULgb134sY8,White Horse,44.4614574,26.0957062
ChIJf1lWEaj4sUAR69kqh30bzRo,Bistro Mon Cheri,44.4594463,26.0966183
ChIJz2a1sLT4sUAR_ptQ354J7D0,Barca,44.465936,26.089549
ChIJNUcvhUD_sUARezo2AQplgi8,Bistropolitan,44.4609839,26.09474599999999
ChIJbbZJ6wYCskAR-ImAT5eNld4,Uptown,44.4588045,26.0886915
ChIJC5JePc0DskARBXWWjieIw2c,Porto Gallo,44.46527280000001,26.0883083
ChIJXzjowFcDskARSbMr9cpUKtU,KFC Coffee Corner Dorobanți,44.464793,26.0883801
ChIJDVODwWwCskAR3L_03h2huII,Funky Lounge Herăstrău,44.4732974,26.0880975
ChIJE_2mf2cCskARA9_WhmKSGQc,Zaitoone,44.4756364,26.092566
ChIJ826m3msCskARlS6O5oDnsk8,Biutiful By The Lake,44.4772393,26.0868045
ChIJdZEUS2kCskARsY5b_rdgbpQ,Cuisine Navodari,44.47798999999999,26.08956289999999
ChIJeW_mK2oCskARqWEciQbX7TA,Ristorante IL CALCIO BTT,44.4776541,26.0852625
ChIJVVXJnGkCskARRUKl52MbvPg,Grădina Bordei,44.4783568,26.0860293
ChIJ8emg6g0CskARq2l2ieuYQ9M,Osho,44.4682222,26.0895407
ChIJTUL46w0CskARhzUMgxVNX50,Fior di Latte,44.468025,26.0893556
ChIJWwPDC28CskARL8BJ5PInjE4,Bread & Spices,44.4789891,26.094659
ChIJFepBSm8CskARZ9ybCE8R-Ts,Restaurant La Plăcinte,44.479986,26.092219
ChIJ2RMrmG8CskAREw5sXMPHCAI,Capricciosa Pizza&Pasta delivery,44.479119,26.0959035
ChIJxfAKCA4CskAR8ZGtgPGG80c,Trattoria Buongiorno Primăverii,44.4672731,26.08815909999999
ChIJxcIO_hECskARXA0fCubpUo0,Poesia,44.46726839999999,26.0874098
ChIJyUEIInACskARpwkgT9DCLAE,La Bunica,44.4781854,26.0987038
ChIJWfXux0ECskARRruvypEnEik,Cherhanaua Ancora,44.4776,26.079886
ChIJNUcvhUD_sUAR-vQmSVZXyHQ,Casa di David,44.475727,26.089752
ChIJLxQqwwsCskARS2BHH-VZkuc,Club Floreasca,44.4671026,26.0955334
ChIJNUcvhUD_sUARdaVH5Sf2h7k,City Grill Primăverii,44.4670401,26.08773529999999
ChIJe3Hy_WsCskAR3iUS69SaX7c,Bonton Palace,44.4771451,26.0885727
ChIJYalgh2kCskARqqkLSySQamM,Isoletta,44.4778811,26.0849493
ChIJO_jHt2kCskARzQQTqz2HV2c,Stadio - Park,44.4797798,26.0859967
ChIJA12EPmwCskAR7iWV137uVC0,Aqua,44.4754776,26.0895185
ChIJP9EXURMCskAR2fnExpIWHkw,Restaurant Pescăruș,44.47260239999999,26.0855252
ChIJ_Y8Ku1sDskARmumMOIsz4LI,TUYA Bucharest,44.4754776,26.0895185
ChIJMUTRAfYDskARzD_V_i1kjVQ,Herastrau,44.473543,26.0876792
ChIJF9-QYS0DskARbqKw0TqEqLY,Ristorante Sul Lago,44.4755408,26.0888946
ChIJA12EPmwCskARJNOzGu8G9FU,Sama Ristorante&Club S.R.L.,44.4758,26.09
ChIJA12EPmwCskARlw_lfXZ0lxA,Quattro Stagioni Giardino,44.4758,26.09
ChIJh_JxEmwCskAR0PdGf2GafJo,La Brasserie,44.4759917,26.0890685
ChIJx2_twGwCskAR5WZQBK4ahxk,Taverna Racilor Herăstrău,44.4734187,26.0868829
ChIJ7U7iBeUDskARpBvWDYphj08,It Cucina,44.4766888,26.08825569999999
ChIJMdfKwKoDskARe4ddadwxfKw,KAYO Garden,44.4770371,26.0878392
ChIJ25fwY14DskARolOZtKgfLP8,Argentine restaurant,44.4773276,26.0886619
ChIJC0Q7mBICskAR7bwpe3jtOAk,Mesogios Seafood Primaverii,44.47059489999999,26.08954659999999
ChIJ49HFzd4DskARFUMYzsakwPs,Yuppies Cafe&Wines,44.4779,26.08957299999999
ChIJ61CtYmkCskARS0BxE9pN1M8,Il Locale,44.47748869999999,26.0867392
ChIJ9718TgADskARryKHrbbv978,La Boschetarie,44.47820959999999,26.086404
ChIJ2aUzwJUDskARvWlgpfd6BB4,Colt Cafe,44.4781628,26.0931795
ChIJzZcjc60DskARnAku5fouxUU,Nuba Restaurant,44.4781825,26.0860519
ChIJ9eavhrQDskAR_czlxK4FmTY,Bel Mondo,44.4783568,26.0860293
ChIJ1aZfz0MCskARKeEMekhaly4,Complex Herăstrău,44.4802176,26.078787
ChIJZTvcfmcCskARQZc1wj-EaXw,Les Colonnes,44.4845095,26.0889494
ChIJga233z__sUAR2RvxbXnT6zY,Le Grenier à Pain,44.4840812,26.0918541
ChIJHzSzS10CskARqKh7Ps3xm6A,Trattoria il Calcio,44.4827174,26.0850704
ChIJFepBSm8CskARZ9ybCE8R-Ts,Restaurant La Plăcinte,44.479986,26.092219
ChIJG2o2Y14CskAR18_bnBCUP3E,Nuba,44.4877318,26.0881354
ChIJAW0kIWQCskARrCUO_HeDqF4,Trenta Pizza Aviației,44.483734,26.0957915
ChIJdZEUS2kCskARsY5b_rdgbpQ,Cuisine Navodari,44.47798999999999,26.08956289999999
ChIJVVXJnGkCskARRUKl52MbvPg,Grădina Bordei,44.4783568,26.0860293
ChIJWwPDC28CskARL8BJ5PInjE4,Bread & Spices,44.4789891,26.094659
ChIJ2RMrmG8CskAREw5sXMPHCAI,Capricciosa Pizza&Pasta delivery,44.479119,26.0959035
ChIJ826m3msCskARlS6O5oDnsk8,Biutiful By The Lake,44.4772393,26.0868045
ChIJeW_mK2oCskARqWEciQbX7TA,Ristorante IL CALCIO BTT,44.4776541,26.0852625
ChIJO0OvT1sCskARMgZ_B1ojvIA,Restaurant Diplomat,44.4847116,26.0795931
ChIJE_2mf2cCskARA9_WhmKSGQc,Zaitoone,44.4756364,26.092566
ChIJJ6PaGlgCskARfGw389000T0,Parohia Băneasa,44.4905288,26.0916198
ChIJyUEIInACskARpwkgT9DCLAE,La Bunica,44.4781854,26.0987038
ChIJzYbL11gCskARmq31XqH2_Aw,Dobrogea Pizza,44.4897705,26.0844713
ChIJNUcvhUD_sUAR-vQmSVZXyHQ,Casa di David,44.475727,26.089752
ChIJb5ztVVoCskAR-UbiEGkCW5w,Subway,44.4870421,26.0789558
ChIJWfXux0ECskARRruvypEnEik,Cherhanaua Ancora,44.4776,26.079886
ChIJVVTbLXsCskAREOus-CEMiU8,Ludovic Ballroom,44.4817666,26.1018413
ChIJe3Hy_WsCskAR3iUS69SaX7c,Bonton Palace,44.4771451,26.0885727
ChIJYalgh2kCskARqqkLSySQamM,Isoletta,44.4778811,26.0849493
ChIJCVcXQ0j_sUARSvJEdIlH0rs,Bocca - Italian Gastronomy,44.48450620000001,26.0901475
ChIJO_jHt2kCskARzQQTqz2HV2c,Stadio - Park,44.4797798,26.0859967
ChIJ33GVExcDskARVbPm3g572MU,NADASAN,44.484516,26.0894796
ChIJIS67HXoDskAR1UqdvdHxmTM,Restaurant IL CAPO Bucuresti,44.48448320000001,26.0901364
ChIJ50LPWmYCskARoGBxEXI-uUQ,Sara Green,44.4831097,26.0920333
ChIJIxTT_WYCskARU79daL7Dma0,Restaurant Mandaloun,44.483972,26.0919538
ChIJRzrKIX8DskARcUJYuMlkz04,Moët de la mega,44.48087,26.088833
ChIJ8aUeH2YCskARasMIxH1zgHc,ZenSushi Nordului,44.48149189999999,26.0918484
ChIJxRvyOm8CskAR_FwyyjoTgxY,Bistro Caramfil,44.4826363,26.0926886
ChIJ0x-9ie8DskARZNEFO8Q1Rxo,Organic Fresh Food,44.4815098,26.0923726
ChIJgVTQqWgCskAR_irU1F6Ki5o,Jerry's Pizza Aviatiei,44.48107690000001,26.0921886
ChIJk_tsqWgCskARR3HaKUO4E3U,El Madrileño Mediterranean Bistro,44.48093879999999,26.0921714
ChIJqwnAll0CskARkOg08sJmS30,The GRILL,44.4853589,26.0876899
ChIJ67aeVPQDskARIaDtJQO5nlY,Il Calcio Herastrau,44.4827129,26.0850846
ChIJ__-vw0MCskARN_7TXt3Gmr4,Il Calcio by Mr. VAL,44.4827454,26.0850792
ChIJVxr600ICskARI-3tQmBZ7Pc,La Fattoria,44.4805267,26.0858623
ChIJJ6PaGlgCskARfGw389000T0,Parohia Băneasa,44.4905288,26.0916198
ChIJG2o2Y14CskAR18_bnBCUP3E,Nuba,44.4877318,26.0881354
ChIJBzLLSPYCskAR-48GUweFjYg,Restaurant kang (dami),44.4940194,26.08603179999999
ChIJzYbL11gCskARmq31XqH2_Aw,Dobrogea Pizza,44.4897705,26.0844713
ChIJ91DcwPQCskARx5WviBDMYxY,Cantina FoodMood,44.494091,26.096097
ChIJZTvcfmcCskARQZc1wj-EaXw,Les Colonnes,44.4845095,26.0889494
ChIJxZeiwlcCskARwkiNnYkgMzE,Glamour Restro Cafe,44.4934606,26.07964209999999
ChIJga233z__sUAR2RvxbXnT6zY,Le Grenier à Pain,44.4840812,26.0918541
ChIJoWJjHvgCskARUvYPtPk-V2M,COCOȘATU'S PLACE,44.49444580000001,26.0823369
ChIJb5ztVVoCskAR-UbiEGkCW5w,Subway,44.4870421,26.0789558
ChIJAW0kIWQCskARrCUO_HeDqF4,Trenta Pizza Aviației,44.483734,26.0957915
ChIJCVcXQ0j_sUARSvJEdIlH0rs,Bocca - Italian Gastronomy,44.48450620000001,26.0901475
ChIJre-zfvUCskARShSHL0ZIzQ0,Riviera Narghilea Nord,44.4914097,26.0917374
ChIJgXfBhV8CskAR4R5qOLyQuBs,Restaurant Gusteau's,44.4907908,26.0915754
ChIJtTlGS18CskARHjI70WnwwyY,Saidoun Halal Resturant,44.4912127,26.0873151
ChIJL3PhXDIDskARnWNtHjdcR38,Kitchen,44.49147869999999,26.0919737
ChIJx62urK0DskARx7_Nq9HtUE8,Mancare cu Staif,44.4904426,26.0922673
ChIJEa6TxhwDskAR5AIZBK11Im0,Om Hani lebanese restaurant,44.49248769999999,26.0857225
ChIJDeguRegDskARMVue-xaJnPk,Ancora,44.4918367,26.0942288
ChIJG80rV14DskAR5EDVkX_zrwc,Lanach Flavours,44.4879337,26.0894488
ChIJRdDor_cCskARd3B4104R8CI,La Madreela,44.4945596,26.085409
ChIJ19nZ6DoDskARrIxyREbTwFU,Arezzo restaurant,44.4880271,26.09364339999999
ChIJoYXyT1gCskARvB0lHf_Sanc,Bistro No.21,44.49150280000001,26.0830146
ChIJh4Nr9vcCskARmt33Jmg81Xc,Restaurant La Gil,44.4941667,26.0830556
ChIJu0Ez9vcCskARFRUvHxiss_8,Mister Kebab,44.49420369999999,26.08271969999999
ChIJ89ISBIcDskARCDREWr3Xki8,Autoservire Popaso,44.4923297,26.0975162
ChIJqwnAll0CskARkOg08sJmS30,The GRILL,44.4853589,26.0876899
ChIJr6ZrY-sDskARGIe1bxICWas,Erce’s New Apart,44.4878778,26.0969079
ChIJ33GVExcDskARVbPm3g572MU,NADASAN,44.484516,26.0894796
ChIJLefIVr4DskARoRk9FXVazbU,Saormeria Baneasa,44.4944807,26.0806015
ChIJIS67HXoDskAR1UqdvdHxmTM,Restaurant IL CAPO Bucuresti,44.48448320000001,26.0901364
ChIJ7654bfgCskARK0BE6ROPIaI,Danibi Băneasa,44.4945127,26.0804795
ChIJh5nONnoDskARTdCvd_BGScQ,Restaurant Voievodal Baneasa,44.49036940000001,26.0795305
ChIJMVwUQccDskARykndhTjr02k,Om hani restaurant -terasa,44.4944737,26.0796141
ChIJIxTT_WYCskARU79daL7Dma0,Restaurant Mandaloun,44.483972,26.0919538
ChIJlVZWDdoDskARqq0AMaDRw64,Chef's Gallery,44.4918147,26.0787062
ChIJ0Y4Tx1cCskARD_LRz0n-kLM,Bistro La Boieru,44.493131,26.078706
ChIJlV0SQJkDskARILaxWWpgSbY,Eat.,44.49049819999999,26.07845469999999
ChIJ50LPWmYCskARoGBxEXI-uUQ,Sara Green,44.4831097,26.0920333
ChIJheN0bcoDskAR4kBvMgz8eI8,Cooperativa FRUFRU,44.495156,26.078545
ChIJNUcvhUD_sUARbIU447IOo6s,Sushi Ko Baneasa,44.5084959,26.0897234
ChIJFbqz0-YCskARRnxSHsINwVs,City Grill Băneasa,44.506049,26.089479
ChIJd8phOeQCskARGTiLItW-joY,Greek Taverna,44.5056456,26.0886713
ChIJveA3MOQCskARvOhGWE1HZIA,Salad Box,44.5056805,26.0891615
ChIJfTCXMeQCskARmpm2YQxpXe4,Pep & Pepper,44.5056932,26.0891998
ChIJn6U3N-QCskARVcTIMSBIBic,Oro Toro,44.50574689999999,26.0886183
ChIJ865Nu-YCskARIh66Islfdx8,Black by Doncafe,44.50581640000001,26.0888291
ChIJe8i_K-QCskARcLftTg0jFXo,Nordsee,44.5058645,26.0893796
ChIJPUQfOuQCskARW_k7XILYVNc,Soup Up!,44.5059823,26.0894793
ChIJpyFZhOMCskARF6g3lhsCiJ0,IKEA Restaurant & Café,44.50621539999999,26.0855207
ChIJBzLLSPYCskAR-48GUweFjYg,Restaurant kang (dami),44.4940194,26.08603179999999
ChIJ91DcwPQCskARx5WviBDMYxY,Cantina FoodMood,44.494091,26.096097
ChIJK7iS__gCskARaXvdYDWJprI,WOW RESTAURANT&EVENTS,44.4970084,26.0795955
ChIJsTFe1eUCskARDN2X5jPS8z4,lasafi lebanese food,44.5074364,26.082589
ChIJVVVVVaUDskARPpkpm07RYfg,McDonald’s,44.5057881,26.0891944
ChIJixGT0OYCskARVcok75yFToE,Pizza Hut,44.5081058,26.0898874
ChIJoWJjHvgCskARUvYPtPk-V2M,COCOȘATU'S PLACE,44.49444580000001,26.0823369
ChIJE_lodR0DskARv5jMelbLENM,Taco Bell,44.50557439999999,26.0888201
ChIJW8BtMeQCskARuIFG5j8VY7s,Argentine,44.5056846,26.0887818
ChIJi0UqLuQCskARL6XPf8bpYXM,KFC Baneasa,44.5056345,26.08908559999999
ChIJAfeaOuICskARxNQqaV6qfvQ,Ready to Box Chopstix,44.5057283,26.0893912
ChIJ-f6ig-YCskAR1TrQxEFiYYI,Sheherazade,44.5057645,26.0890228
ChIJ5cgNMOQCskAR5Wj-uKNzTE4,Taksim,44.5058452,26.0894755
ChIJeVIzfFoDskARcpZucGY013k,KungFu King Băneasa,44.5059173,26.0896949
ChIJa7AfpakDskARVPaWcrg4pCg,MELT Restaurant,44.5059848,26.0893296
ChIJMyEGSbIDskARIXLfNMC6Vv0,Avocadoo,44.50600959999999,26.0892644
ChIJNX8oGFoDskARujbLUR1TF6s,Chocolat,44.5060442,26.0891236
ChIJAfeaOuICskARI35XdJOe9hw,Scandia,44.50609739999999,26.0897237
ChIJRdDor_cCskARd3B4104R8CI,La Madreela,44.4945596,26.085409
ChIJh4Nr9vcCskARmt33Jmg81Xc,Restaurant La Gil,44.4941667,26.0830556
ChIJu0Ez9vcCskARFRUvHxiss_8,Mister Kebab,44.49420369999999,26.08271969999999
ChIJIcRHIOwDskAR0YlMwCAnatM,Sushi baKo,44.50815869999999,26.0894213
ChIJX28AwfwCskARpjPE5ujMKIs,1 minute Victoria Park,44.5048759,26.0803718
ChIJTQtEFqgDskARiLBMzJk7IBg,Cartofisserie,44.5083318,26.0890183
ChIJxevAXlMDskARvMX5OgyLv34,Za German Wurstbar,44.5057623,26.0812838
ChIJ84vopGgDskAR4hJGeld7yo0,Gregorys,44.5084087,26.089759
ChIJaVZ9QuUDskAR4fUjQ8dbe2k,Cartofisserie,44.5084448,26.089125
ChIJEa6TxhwDskAR5AIZBK11Im0,Om Hani lebanese restaurant,44.49248769999999,26.0857225
ChIJueuhpBgDskARpzMzrLMNyLM,KFC Baneasa DT,44.50778709999999,26.0846815
ChIJLefIVr4DskARoRk9FXVazbU,Saormeria Baneasa,44.4944807,26.0806015
ChIJQchlr6X4sUARD5ge-kCpBPU,Restaurant Anghel,44.4597948,26.1064875
ChIJ4xNNpan4sUARbZnchFZlkp0,SkyBar,44.45735930000001,26.0958824
ChIJPzGN_6b4sUARNUss3-w2XJA,Bun şi Tot ...şi poftă bună,44.4616813,26.1012954
ChIJeXJjDgoCskARN3LGpyAHPNc,Grădina Floreasca,44.4653915,26.0990964
ChIJLxQqwwsCskARS2BHH-VZkuc,Club Floreasca,44.4671026,26.0955334
ChIJ2wacwqf4sUAR370A0qpAaGw,SCANDIA SIBIU S.R.L.,44.4604272,26.0972756
ChIJ00Qc2T__sUARZyDt7df3ldc,Restaurantul Maccheroni,44.4621659,26.09943669999999
ChIJhxaikJ74sUAR0DTVy0UOeLU,Trattoria Il Calcio Floreasca,44.462667,26.10171399999999
ChIJr2YPPQgCskARBk5l0pYtB2I,ZenSushi Dorobanti,44.4618163,26.0964098
ChIJaYIW2qb4sUARaN4Fu1srgdA,Jubile ballroom,44.46299599999999,26.103109
ChIJiUZQvqf4sUARMPfxP6W9ESE,rawdia,44.4611134,26.0991918
ChIJmUYRXggCskARqdnSYVXntnc,Gargantua D'oro,44.4621263,26.094306
ChIJY8QgaQgCskAR3yU0ryS7BtU,Nuba Cafe,44.4618657,26.094583
ChIJP094f6D4sUARmbPDthIbDP0,Mozzafiato Ristorante & Bar,44.4613379,26.1010271
ChIJJ6no4QcCskARgnStL1IcqWU,YUKI japanese home dining,44.4608,26.0953
ChIJ-_-B2AcCskARgHEZNBmk3t0,Raionul Floreasca,44.4604064,26.1007367
ChIJCRgnMab4sUARqLiyU2oBD3c,E3 by Entourage,44.46023529999999,26.1006082
ChIJAeGtUw4CskAROG3JpNVmbTg,Restaurant Four Seasons,44.46131639999999,26.0931985
ChIJ6fpLJab4sUARQ5RK4c2qhbU,Vacamuuu,44.459987,26.1005781
ChIJl7xw7wcCskARkuIimpzkiKI,FRUDISIAC,44.4601762,26.095073
ChIJ2Zl-Daj4sUARYHURlKx-lRc,La Pescăria Dorobanților,44.459627,26.097061
ChIJ1SDKKab4sUARTtpDzs-PE0E,Fish House,44.45959879999999,26.0998765
ChIJP82mnaj4sUARpeJp5Vp6NuE,CAVA bistronomie,44.4595343,26.10061739999999
ChIJY_q99QcCskARBIVYRhavqFA,Rio Juice,44.459655,26.0952303
ChIJ4ZDqwAcCskARJhc9peou7A8,Petite,44.46,26.0933333
ChIJETfEQKj4sUARvUe6UmbvEbA,Pancakes & more,44.4588317,26.0965423
ChIJPWG6Oaj4sUARLxjCT9CGcgs,Yucca Wellness Center,44.4588166,26.09652269999999
ChIJXxObvQcCskAReQBgNWKbYhI,DonCafe Brasserie,44.4595169,26.0932084
ChIJ8emg6g0CskARq2l2ieuYQ9M,Osho,44.4682222,26.0895407
ChIJTUL46w0CskARhzUMgxVNX50,Fior di Latte,44.468025,26.0893556
ChIJzwOBugcCskAR6ptZkNbmlM0,Exile,44.459756,26.0924519
ChIJ-_GWVA4CskARFSXKcPziRcw,KFC Dorobanți,44.46476570000001,26.0883811
ChIJFRo0TWQAskAR_tw2lEj7Hx0,EMTE Burger & Street Food Gourmet,44.4583379,26.1004389
ChIJgQCHx6j4sUARwWnlBr7eRac,Bistro Chicineta,44.45830699999999,26.100462
ChIJAQz8Yp74sUAR5Aul9Fsvrro,Chez Toni,44.458347,26.100765
ChIJxfAKCA4CskAR8ZGtgPGG80c,Trattoria Buongiorno Primăverii,44.4672731,26.08815909999999
ChIJmRXznQcCskARSgmRhZ3-2LQ,Maize farm to table,44.45865289999999,26.0929978
ChIJgUHJ5aH4sUARw6hdXRzzb9A,Rossini Lounge,44.4598411,26.1065265
ChIJxcIO_hECskARXA0fCubpUo0,Poesia,44.46726839999999,26.0874098
ChIJNarKKq_4sUARY5BB3y_jbys,Chefs Experience,44.45749899999999,26.1007731
ChIJyUEIInACskARpwkgT9DCLAE,La Bunica,44.4781854,26.0987038
ChIJE_2mf2cCskARA9_WhmKSGQc,Zaitoone,44.4756364,26.092566
ChIJ79UMiXACskAR9sGAWPigpy0,Origreen,44.4779327,26.1018487
ChIJIzr4eHACskAR76rtSD7mjoI,Subway,44.47875219999999,26.1014073
ChIJ2RMrmG8CskAREw5sXMPHCAI,Capricciosa Pizza&Pasta delivery,44.479119,26.0959035
ChIJ67f1Izz_sUAR65DJc28YAsU,Peste paine,44.478769,26.1022022
ChIJqeGKnnACskARfSpOCuZ2wTI,Trickshot,44.4784931,26.1030707
ChIJWwPDC28CskARL8BJ5PInjE4,Bread & Spices,44.4789891,26.094659
ChIJeUC66HUCskARjxgsm8zFnD0,uanderful,44.4725263,26.1057781
ChIJJ0mb6HUCskARu1fNKSu4PFc,Fratellini Bistro,44.4723317,26.105733
ChIJx5uueHoCskAR4FucVijwCkE,Pizza Hut,44.4785012,26.1031609
ChIJPVG7oXACskARGKsngiVg6_M,Sushi Terra Promenada Mall,44.4780817,26.1038374
ChIJg6Ly1a74sUAREomXcaq06Jo,Vivo - Fusion Food Bar Floreasca,44.4791299,26.1019982
ChIJs45oeXoCskARPuFXbaTyzB4,Fish Company,44.4787634,26.1030006
ChIJ7Qgve3oCskARB98UW5hUO2M,Salad Box,44.4782673,26.1038641
ChIJY9uDfHoCskARDPaURbYK0Pk,Pep and Pepper Promenada Mall,44.47868899999999,26.1032174
ChIJH8pmdHoCskAR8VgvareEev0,KFC Promenada,44.4783735,26.1037818
ChIJp8NPQoL4sUARlzYEfV6crf4,Pagaia Floreasca,44.4794821,26.10189459999999
ChIJgWlKcHoCskARMzSB3KYjqNg,Deliciul cartofilor,44.4786827,26.1037177
ChIJJ3dYEXcCskARsVBnLfBvWZ0,1 Minute Lakeview,44.476162,26.106238
ChIJL9uTcXoCskARnckrF1Bhr80,Scandia Sibiu,44.4787946,26.1036724
ChIJaQGR76H4sUARCKr3FjcZSAU,Seva Cuisine & Lounge,44.4763637,26.1063405
ChIJTTeE2HcCskARBOv792SYxkw,Glucoza Bar,44.474784,26.1083005
ChIJc0VB-HoCskAR877HMTiJFSU,JAPANOS AVIATIEI,44.4802686,26.10370039999999
ChIJM2bAV3oCskARWcyq2DYaSQk,View 4 Business Concept,44.48020899999999,26.103906
ChIJLxQqwwsCskARS2BHH-VZkuc,Club Floreasca,44.4671026,26.0955334
ChIJFepBSm8CskARZ9ybCE8R-Ts,Restaurant La Plăcinte,44.479986,26.092219
ChIJDVODwWwCskAR3L_03h2huII,Funky Lounge Herăstrău,44.4732974,26.0880975
ChIJdZEUS2kCskARsY5b_rdgbpQ,Cuisine Navodari,44.47798999999999,26.08956289999999
ChIJX2KxhCf0skARUiFasAior4o,Domino's Pizza Pipera,44.4807604,26.1046055
ChIJVVTbLXsCskAREOus-CEMiU8,Ludovic Ballroom,44.4817666,26.1018413
ChIJNUcvhUD_sUAR-vQmSVZXyHQ,Casa di David,44.475727,26.089752
ChIJRQOOZ574sUARdtVCF76Fylo,Divan,44.4708498,26.1092866
ChIJ8emg6g0CskARq2l2ieuYQ9M,Osho,44.4682222,26.0895407
ChIJeXJjDgoCskARN3LGpyAHPNc,Grădina Floreasca,44.4653915,26.0990964
ChIJ826m3msCskARlS6O5oDnsk8,Biutiful By The Lake,44.4772393,26.0868045
ChIJTUL46w0CskARhzUMgxVNX50,Fior di Latte,44.468025,26.0893556
ChIJJe35JUcCskAR0oIuWOeped4,La Radu,44.47818449999999,26.0990939
ChIJe3Hy_WsCskAR3iUS69SaX7c,Bonton Palace,44.4771451,26.0885727
ChIJA12EPmwCskAR7iWV137uVC0,Aqua,44.4754776,26.0895185
ChIJyUEIInACskARpwkgT9DCLAE,La Bunica,44.4781854,26.0987038
ChIJAW0kIWQCskARrCUO_HeDqF4,Trenta Pizza Aviației,44.483734,26.0957915
ChIJVVTbLXsCskAREOus-CEMiU8,Ludovic Ballroom,44.4817666,26.1018413
ChIJ2RMrmG8CskAREw5sXMPHCAI,Capricciosa Pizza&Pasta delivery,44.479119,26.0959035
ChIJp8NPQoL4sUARlzYEfV6crf4,Pagaia Floreasca,44.4794821,26.10189459999999
ChIJg6Ly1a74sUAREomXcaq06Jo,Vivo - Fusion Food Bar Floreasca,44.4791299,26.1019982
ChIJc0VB-HoCskAR877HMTiJFSU,JAPANOS AVIATIEI,44.4802686,26.10370039999999
ChIJIzr4eHACskAR76rtSD7mjoI,Subway,44.47875219999999,26.1014073
ChIJWwPDC28CskARL8BJ5PInjE4,Bread & Spices,44.4789891,26.094659
ChIJM2bAV3oCskARWcyq2DYaSQk,View 4 Business Concept,44.48020899999999,26.103906
ChIJga233z__sUAR2RvxbXnT6zY,Le Grenier à Pain,44.4840812,26.0918541
ChIJ67f1Izz_sUAR65DJc28YAsU,Peste paine,44.478769,26.1022022
ChIJX2KxhCf0skARUiFasAior4o,Domino's Pizza Pipera,44.4807604,26.1046055
ChIJFepBSm8CskARZ9ybCE8R-Ts,Restaurant La Plăcinte,44.479986,26.092219
ChIJs45oeXoCskARPuFXbaTyzB4,Fish Company,44.4787634,26.1030006
ChIJY9uDfHoCskARDPaURbYK0Pk,Pep and Pepper Promenada Mall,44.47868899999999,26.1032174
ChIJqeGKnnACskARfSpOCuZ2wTI,Trickshot,44.4784931,26.1030707
ChIJ79UMiXACskAR9sGAWPigpy0,Origreen,44.4779327,26.1018487
ChIJx5uueHoCskAR4FucVijwCkE,Pizza Hut,44.4785012,26.1031609
ChIJL9uTcXoCskARnckrF1Bhr80,Scandia Sibiu,44.4787946,26.1036724
ChIJgWlKcHoCskARMzSB3KYjqNg,Deliciul cartofilor,44.4786827,26.1037177
ChIJH8pmdHoCskAR8VgvareEev0,KFC Promenada,44.4783735,26.1037818
ChIJ7Qgve3oCskARB98UW5hUO2M,Salad Box,44.4782673,26.1038641
ChIJPVG7oXACskARGKsngiVg6_M,Sushi Terra Promenada Mall,44.4780817,26.1038374
ChIJZTvcfmcCskARQZc1wj-EaXw,Les Colonnes,44.4845095,26.0889494
ChIJK0bnc3wCskARdIv1uEsFn8E,Stradale Oregon Park,44.4816855,26.10736559999999
ChIJdZEUS2kCskARsY5b_rdgbpQ,Cuisine Navodari,44.47798999999999,26.08956289999999
ChIJE_2mf2cCskARA9_WhmKSGQc,Zaitoone,44.4756364,26.092566
ChIJaQGR76H4sUARCKr3FjcZSAU,Seva Cuisine & Lounge,44.4763637,26.1063405
ChIJJ3dYEXcCskARsVBnLfBvWZ0,1 Minute Lakeview,44.476162,26.106238
ChIJG2o2Y14CskAR18_bnBCUP3E,Nuba,44.4877318,26.0881354
ChIJCVcXQ0j_sUARSvJEdIlH0rs,Bocca - Italian Gastronomy,44.48450620000001,26.0901475
ChIJJe35JUcCskAR0oIuWOeped4,La Radu,44.47818449999999,26.0990939
ChIJVVUesXoCskARNzU6mUvlQa8,Fast Food La Gore,44.4799792,26.1004022
ChIJLy_LsXoCskARXTjyARMLx7w,Minuturi La Gore,44.4798419,26.1004097
ChIJ__-v33oCskARTwYXPIRx1oY,DOMINO'S PIZZA MAXIM SRL,44.4809895,26.1024205
ChIJ1dIgznMDskAR0hOUTCIbTII,YoYo Burger,44.4800751,26.1013647
ChIJwe4lH6sDskARf3eam0KeS4Y,Ciorbărie,44.4795902,26.0956165
ChIJI8r0VngDskARH-ujO9B36_Q,Hub Convenience,44.4792077,26.1001773
ChIJn44JBnACskARp-VjTyOtqvo,Terasa Express,44.4790573,26.0996571
ChIJJ6PaGlgCskARfGw389000T0,Parohia Băneasa,44.4905288,26.0916198
ChIJ91DcwPQCskARx5WviBDMYxY,Cantina FoodMood,44.494091,26.096097
ChIJAW0kIWQCskARrCUO_HeDqF4,Trenta Pizza Aviației,44.483734,26.0957915
ChIJG2o2Y14CskAR18_bnBCUP3E,Nuba,44.4877318,26.0881354
ChIJga233z__sUAR2RvxbXnT6zY,Le Grenier à Pain,44.4840812,26.0918541
ChIJ89ISBIcDskARCDREWr3Xki8,Autoservire Popaso,44.4923297,26.0975162
ChIJDeguRegDskARMVue-xaJnPk,Ancora,44.4918367,26.0942288
ChIJr6ZrY-sDskARGIe1bxICWas,Erce’s New Apart,44.4878778,26.0969079
ChIJx62urK0DskARx7_Nq9HtUE8,Mancare cu Staif,44.4904426,26.0922673
ChIJL3PhXDIDskARnWNtHjdcR38,Kitchen,44.49147869999999,26.0919737
ChIJre-zfvUCskARShSHL0ZIzQ0,Riviera Narghilea Nord,44.4914097,26.0917374
ChIJ19nZ6DoDskARrIxyREbTwFU,Arezzo restaurant,44.4880271,26.09364339999999
ChIJgXfBhV8CskAR4R5qOLyQuBs,Restaurant Gusteau's,44.4907908,26.0915754
ChIJG80rV14DskAR5EDVkX_zrwc,Lanach Flavours,44.4879337,26.0894488
ChIJBejAoOADskARr7JalIABuDQ,GLOVO DROPSPOT HENRI COANDA,44.4985768,26.1027735
ChIJtTlGS18CskARHjI70WnwwyY,Saidoun Halal Resturant,44.4912127,26.0873151
ChIJIxTT_WYCskARU79daL7Dma0,Restaurant Mandaloun,44.483972,26.0919538
ChIJ91DcwPQCskARx5WviBDMYxY,Cantina FoodMood,44.494091,26.096097
ChIJFbqz0-YCskARRnxSHsINwVs,City Grill Băneasa,44.506049,26.089479
ChIJfTCXMeQCskARmpm2YQxpXe4,Pep & Pepper,44.5056932,26.0891998
ChIJveA3MOQCskARvOhGWE1HZIA,Salad Box,44.5056805,26.0891615
ChIJe8i_K-QCskARcLftTg0jFXo,Nordsee,44.5058645,26.0893796
ChIJPUQfOuQCskARW_k7XILYVNc,Soup Up!,44.5059823,26.0894793
ChIJd8phOeQCskARGTiLItW-joY,Greek Taverna,44.5056456,26.0886713
ChIJ865Nu-YCskARIh66Islfdx8,Black by Doncafe,44.50581640000001,26.0888291
ChIJn6U3N-QCskARVcTIMSBIBic,Oro Toro,44.50574689999999,26.0886183
ChIJBejAoOADskARr7JalIABuDQ,GLOVO DROPSPOT HENRI COANDA,44.4985768,26.1027735
ChIJ89ISBIcDskARCDREWr3Xki8,Autoservire Popaso,44.4923297,26.0975162
ChIJVVVVVaUDskARPpkpm07RYfg,McDonald’s,44.5057881,26.0891944
ChIJeVIzfFoDskARcpZucGY013k,KungFu King Băneasa,44.5059173,26.0896949
ChIJAfeaOuICskARxNQqaV6qfvQ,Ready to Box Chopstix,44.5057283,26.0893912
ChIJ5cgNMOQCskAR5Wj-uKNzTE4,Taksim,44.5058452,26.0894755
ChIJAfeaOuICskARI35XdJOe9hw,Scandia,44.50609739999999,26.0897237
ChIJi0UqLuQCskARL6XPf8bpYXM,KFC Baneasa,44.5056345,26.08908559999999
ChIJa7AfpakDskARVPaWcrg4pCg,MELT Restaurant,44.5059848,26.0893296
ChIJE_lodR0DskARv5jMelbLENM,Taco Bell,44.50557439999999,26.0888201
ChIJ-f6ig-YCskAR1TrQxEFiYYI,Sheherazade,44.5057645,26.0890228
ChIJQchlr6X4sUARD5ge-kCpBPU,Restaurant Anghel,44.4597948,26.1064875
ChIJPzGN_6b4sUARNUss3-w2XJA,Bun şi Tot ...şi poftă bună,44.4616813,26.1012954
ChIJaYIW2qb4sUARaN4Fu1srgdA,Jubile ballroom,44.46299599999999,26.103109
ChIJhxaikJ74sUAR0DTVy0UOeLU,Trattoria Il Calcio Floreasca,44.462667,26.10171399999999
ChIJgUHJ5aH4sUARw6hdXRzzb9A,Rossini Lounge,44.4598411,26.1065265
ChIJydKYKZn4sUARimyv-vhnkNw,Yellow.Menu,44.46918060000001,26.11299
ChIJRQOOZ574sUARdtVCF76Fylo,Divan,44.4708498,26.1092866
ChIJeXJjDgoCskARN3LGpyAHPNc,Grădina Floreasca,44.4653915,26.0990964
ChIJP094f6D4sUARmbPDthIbDP0,Mozzafiato Ristorante & Bar,44.4613379,26.1010271
ChIJ0_00Yp74sUARQyTkq4SFTGg,Dancing Lobster - Restaurant portughez cu peste si fructe de mare - Oferim livrare,44.4709656,26.1102118
ChIJ00Qc2T__sUARZyDt7df3ldc,Restaurantul Maccheroni,44.4621659,26.09943669999999
ChIJ-_-B2AcCskARgHEZNBmk3t0,Raionul Floreasca,44.4604064,26.1007367
ChIJWaUmTr34sUARS03p5O99rlI,Pizza Family Bucuresti,44.46467519999999,26.1165442
ChIJa-IwKLv4sUARKpOf3vyT1XA,Circus Pub,44.4592482,26.1113396
ChIJCRgnMab4sUARqLiyU2oBD3c,E3 by Entourage,44.46023529999999,26.1006082
ChIJgez3Apj4sUARe5BG3z4ZAfE,33 Pizza,44.4657717,26.11678689999999
ChIJJ0mb6HUCskARu1fNKSu4PFc,Fratellini Bistro,44.4723317,26.105733
ChIJiUZQvqf4sUARMPfxP6W9ESE,rawdia,44.4611134,26.0991918
ChIJ6fpLJab4sUARQ5RK4c2qhbU,Vacamuuu,44.459987,26.1005781
ChIJeUC66HUCskARjxgsm8zFnD0,uanderful,44.4725263,26.1057781
ChIJP82mnaj4sUARpeJp5Vp6NuE,CAVA bistronomie,44.4595343,26.10061739999999
ChIJ1SDKKab4sUARTtpDzs-PE0E,Fish House,44.45959879999999,26.0998765
ChIJw5T3frv4sUAR9G5Oi0aSMMU,Restaurant Quartiere,44.4605548,26.1160233
ChIJ0XsRF6f4sUARwHY2XxjPID0,Springtime,44.4628375,26.1012554
ChIJAQz8Yp74sUAR5Aul9Fsvrro,Chez Toni,44.458347,26.100765
ChIJr2YPPQgCskARBk5l0pYtB2I,ZenSushi Dorobanti,44.4618163,26.0964098
ChIJLxQqwwsCskARS2BHH-VZkuc,Club Floreasca,44.4671026,26.0955334
ChIJWSXgsaf4sUARPMBZMR7Cu6k,Madame Pogany,44.4613378,26.10021
ChIJFRo0TWQAskAR_tw2lEj7Hx0,EMTE Burger & Street Food Gourmet,44.4583379,26.1004389
ChIJgQCHx6j4sUARwWnlBr7eRac,Bistro Chicineta,44.45830699999999,26.100462
ChIJ2wacwqf4sUAR370A0qpAaGw,SCANDIA SIBIU S.R.L.,44.4604272,26.0972756
ChIJgRzDw6P4sUARdmLwF42kscE,McDonald's,44.4638047,26.1085451
ChIJIXNjwK_4sUARe5DitHR8wqU,The Canteen,44.4566378,26.1061254
ChIJCcjrkpv4sUARbddtT5jwgaI,Tapo,44.47168499999999,26.116072
ChIJnSkTsqf4sUAR88xBDIFg5Ow,Yoshi Sushi&Teppanyaki,44.4613369,26.1002252
ChIJ2_THSRz5sUARX15YP7TP-co,Burgerati,44.4655966,26.10579049999999
ChIJq6q-VfoBskARM0qD-Q3eAVw,Amis de la Fête,44.4643623,26.1092156
ChIJReybg935sUAR3v7OZx7PnJ4,Yuzu Sushi și specialități asiatice,44.46351240000001,26.1098564
ChIJ42qzvKP4sUARKwQHHqKRsR8,Subway,44.46351240000001,26.1098564
ChIJsRC7kOP5sUARmS07YY_4pxs,Stradale Express,44.46355450000001,26.1099397
ChIJTTeE2HcCskARBOv792SYxkw,Glucoza Bar,44.474784,26.1083005
ChIJeUC66HUCskARjxgsm8zFnD0,uanderful,44.4725263,26.1057781
ChIJJ0mb6HUCskARu1fNKSu4PFc,Fratellini Bistro,44.4723317,26.105733
ChIJJ3dYEXcCskARsVBnLfBvWZ0,1 Minute Lakeview,44.476162,26.106238
ChIJaQGR76H4sUARCKr3FjcZSAU,Seva Cuisine & Lounge,44.4763637,26.1063405
ChIJRQOOZ574sUARdtVCF76Fylo,Divan,44.4708498,26.1092866
ChIJ0_00Yp74sUARQyTkq4SFTGg,Dancing Lobster - Restaurant portughez cu peste si fructe de mare - Oferim livrare,44.4709656,26.1102118
ChIJPVG7oXACskARGKsngiVg6_M,Sushi Terra Promenada Mall,44.4780817,26.1038374
ChIJ7Qgve3oCskARB98UW5hUO2M,Salad Box,44.4782673,26.1038641
ChIJH8pmdHoCskAR8VgvareEev0,KFC Promenada,44.4783735,26.1037818
ChIJgWlKcHoCskARMzSB3KYjqNg,Deliciul cartofilor,44.4786827,26.1037177
ChIJx5uueHoCskAR4FucVijwCkE,Pizza Hut,44.4785012,26.1031609
ChIJqeGKnnACskARfSpOCuZ2wTI,Trickshot,44.4784931,26.1030707
ChIJL9uTcXoCskARnckrF1Bhr80,Scandia Sibiu,44.4787946,26.1036724
ChIJ79UMiXACskAR9sGAWPigpy0,Origreen,44.4779327,26.1018487
ChIJY9uDfHoCskARDPaURbYK0Pk,Pep and Pepper Promenada Mall,44.47868899999999,26.1032174
ChIJs45oeXoCskARPuFXbaTyzB4,Fish Company,44.4787634,26.1030006
ChIJQ3wXi4L4sUARReA2k4ox_qg,Bacania Veche - The Charity Shop,44.4778344,26.11498779999999
ChIJ67f1Izz_sUAR65DJc28YAsU,Peste paine,44.478769,26.1022022
ChIJIzr4eHACskAR76rtSD7mjoI,Subway,44.47875219999999,26.1014073
ChIJg6Ly1a74sUAREomXcaq06Jo,Vivo - Fusion Food Bar Floreasca,44.4791299,26.1019982
ChIJydKYKZn4sUARimyv-vhnkNw,Yellow.Menu,44.46918060000001,26.11299
ChIJM2bAV3oCskARWcyq2DYaSQk,View 4 Business Concept,44.48020899999999,26.103906
ChIJp8NPQoL4sUARlzYEfV6crf4,Pagaia Floreasca,44.4794821,26.10189459999999
ChIJc0VB-HoCskAR877HMTiJFSU,JAPANOS AVIATIEI,44.4802686,26.10370039999999
ChIJyUEIInACskARpwkgT9DCLAE,La Bunica,44.4781854,26.0987038
ChIJCcjrkpv4sUARbddtT5jwgaI,Tapo,44.47168499999999,26.116072
ChIJX2KxhCf0skARUiFasAior4o,Domino's Pizza Pipera,44.4807604,26.1046055
ChIJK0bnc3wCskARdIv1uEsFn8E,Stradale Oregon Park,44.4816855,26.10736559999999
ChIJA8QCWoL4sUARO-mKoflVR-4,Armony Brasserie,44.4780177,26.116241
ChIJ6VJvYYL4sUARde8ncnEl0jM,Subway,44.4783193,26.11615
ChIJtfpvM38CskARuXmN9GlL-L4,EAT ETC,44.48092210000001,26.11369629999999
ChIJVVTbLXsCskAREOus-CEMiU8,Ludovic Ballroom,44.4817666,26.1018413
ChIJJe35JUcCskAR0oIuWOeped4,La Radu,44.47818449999999,26.0990939
ChIJpZ9MzXcCskARynhel5uH4R8,La Vitrine,44.4739707,26.108198
ChIJ4bsL0a_4sUARQz0urcpnyXc,ZEPP with Catalin Scarlatescu,44.47597469999999,26.107541
ChIJrbOPFiMDskARhYcmCgUWwwo,GODAI Restaurant,44.4762984,26.1079084
ChIJ205BpTIDskARRA9Uq_iCXPU,Stația Floreasca,44.4764896,26.1081297
ChIJtbB_zXACskARwW2VNsQ2VYo,Daisy Clean,44.476375,26.103588
ChIJFyF2HUcDskAR7BYXMdVksNY,Bonne Cuisine,44.4775347,26.1054169
ChIJK0bnc3wCskARdIv1uEsFn8E,Stradale Oregon Park,44.4816855,26.10736559999999
ChIJX2KxhCf0skARUiFasAior4o,Domino's Pizza Pipera,44.4807604,26.1046055
ChIJM2bAV3oCskARWcyq2DYaSQk,View 4 Business Concept,44.48020899999999,26.103906
ChIJc0VB-HoCskAR877HMTiJFSU,JAPANOS AVIATIEI,44.4802686,26.10370039999999
ChIJOWa7oHsCskARDSfvlEvbBJE,Restaurant Le Reve,44.4846253,26.1113668
ChIJVVTbLXsCskAREOus-CEMiU8,Ludovic Ballroom,44.4817666,26.1018413
ChIJWWOACH4CskARdtNtpaoOAcA,Restaurant Jubile,44.4849652,26.1119874
ChIJL9uTcXoCskARnckrF1Bhr80,Scandia Sibiu,44.4787946,26.1036724
ChIJgWlKcHoCskARMzSB3KYjqNg,Deliciul cartofilor,44.4786827,26.1037177
ChIJY9uDfHoCskARDPaURbYK0Pk,Pep and Pepper Promenada Mall,44.47868899999999,26.1032174
ChIJp8NPQoL4sUARlzYEfV6crf4,Pagaia Floreasca,44.4794821,26.10189459999999
ChIJs45oeXoCskARPuFXbaTyzB4,Fish Company,44.4787634,26.1030006
ChIJH8pmdHoCskAR8VgvareEev0,KFC Promenada,44.4783735,26.1037818
ChIJtfpvM38CskARuXmN9GlL-L4,EAT ETC,44.48092210000001,26.11369629999999
ChIJ7Qgve3oCskARB98UW5hUO2M,Salad Box,44.4782673,26.1038641
ChIJx5uueHoCskAR4FucVijwCkE,Pizza Hut,44.4785012,26.1031609
ChIJg6Ly1a74sUAREomXcaq06Jo,Vivo - Fusion Food Bar Floreasca,44.4791299,26.1019982
ChIJqeGKnnACskARfSpOCuZ2wTI,Trickshot,44.4784931,26.1030707
ChIJPVG7oXACskARGKsngiVg6_M,Sushi Terra Promenada Mall,44.4780817,26.1038374
ChIJ67f1Izz_sUAR65DJc28YAsU,Peste paine,44.478769,26.1022022
ChIJIzr4eHACskAR76rtSD7mjoI,Subway,44.47875219999999,26.1014073
ChIJ79UMiXACskAR9sGAWPigpy0,Origreen,44.4779327,26.1018487
ChIJB9N6WY0BskARHT1k79qUNVY,Burtoni Bistro Catering,44.48573750000001,26.1151298
ChIJaQGR76H4sUARCKr3FjcZSAU,Seva Cuisine & Lounge,44.4763637,26.1063405
ChIJ95S8u4ACskART6P45o9jmCA,EpicFood,44.4865378,26.114701
ChIJJ3dYEXcCskARsVBnLfBvWZ0,1 Minute Lakeview,44.476162,26.106238
ChIJnZorWX8CskARutPv41rNcbc,Gyros Mania,44.48113699999999,26.1161833
ChIJQ3wXi4L4sUARReA2k4ox_qg,Bacania Veche - The Charity Shop,44.4778344,26.11498779999999
ChIJyUEIInACskARpwkgT9DCLAE,La Bunica,44.4781854,26.0987038
ChIJ6VJvYYL4sUARde8ncnEl0jM,Subway,44.4783193,26.11615
ChIJ6SGEBoD4sUAR_6bpo5LxFvs,frufru fresh corner Inmedio,44.4835085,26.1184525
ChIJAW0kIWQCskARrCUO_HeDqF4,Trenta Pizza Aviației,44.483734,26.0957915
ChIJTTeE2HcCskARBOv792SYxkw,Glucoza Bar,44.474784,26.1083005
ChIJA8QCWoL4sUARO-mKoflVR-4,Armony Brasserie,44.4780177,26.116241
ChIJjQxuuYH4sUARRcTUY6IdAu4,Pizza Hut Delivery,44.4810307,26.1189555
ChIJ2RMrmG8CskAREw5sXMPHCAI,Capricciosa Pizza&Pasta delivery,44.479119,26.0959035
ChIJJe35JUcCskAR0oIuWOeped4,La Radu,44.47818449999999,26.0990939
ChIJHQZ_EZEDskARTefn7rCy5j8,Stradale Leggero,44.48129340000001,26.1073089
ChIJicXpEHwCskARDwYelVEuIKk,Business Lunch Avenue,44.48312850000001,26.1097072
ChIJA0siRk0DskARO_QkC6drAcg,ChopStix,44.4847569,26.1075299
ChIJ95S8u4ACskART6P45o9jmCA,EpicFood,44.4865378,26.114701
ChIJWWOACH4CskARdtNtpaoOAcA,Restaurant Jubile,44.4849652,26.1119874
ChIJOWa7oHsCskARDSfvlEvbBJE,Restaurant Le Reve,44.4846253,26.1113668
ChIJB9N6WY0BskARHT1k79qUNVY,Burtoni Bistro Catering,44.48573750000001,26.1151298
ChIJ91DcwPQCskARx5WviBDMYxY,Cantina FoodMood,44.494091,26.096097
ChIJA0siRk0DskARO_QkC6drAcg,ChopStix,44.4847569,26.1075299
ChIJ89ISBIcDskARCDREWr3Xki8,Autoservire Popaso,44.4923297,26.0975162
ChIJZ9djboQCskAR06LgFfMtlaU,Alexander Ballroom / Events Hall,44.4914622,26.1174938
ChIJndPa4C4DskARZoVyu2507z8,TEHRAN PERSIAN FOOD,44.4845344,26.1112036
ChIJBejAoOADskARr7JalIABuDQ,GLOVO DROPSPOT HENRI COANDA,44.4985768,26.1027735
ChIJr6ZrY-sDskARGIe1bxICWas,Erce’s New Apart,44.4878778,26.0969079
ChIJSX9EsOEDskAR6kIKzPQkMlw,Crust Artisan Bakery - Pipera,44.4896964,26.1187151
ChIJicXpEHwCskARDwYelVEuIKk,Business Lunch Avenue,44.48312850000001,26.1097072
ChIJ81UNhoMCskARFJvz1JB6eWU,Pranzo by ESS @ Integral Business Center,44.49103849999999,26.1194157
ChIJr3F2V0QDskARFaSraPsok6U,simco bucuresti,44.48995849999999,26.1193142
ChIJBejAoOADskARr7JalIABuDQ,GLOVO DROPSPOT HENRI COANDA,44.4985768,26.1027735
ChIJQchlr6X4sUARD5ge-kCpBPU,Restaurant Anghel,44.4597948,26.1064875
ChIJw5T3frv4sUAR9G5Oi0aSMMU,Restaurant Quartiere,44.4605548,26.1160233
ChIJgez3Apj4sUARe5BG3z4ZAfE,33 Pizza,44.4657717,26.11678689999999
ChIJWaUmTr34sUARS03p5O99rlI,Pizza Family Bucuresti,44.46467519999999,26.1165442
ChIJydKYKZn4sUARimyv-vhnkNw,Yellow.Menu,44.46918060000001,26.11299
ChIJf1zMvr74sUAR0zCUHyOwaJo,Refugiu,44.460263,26.1209787
ChIJrQ8-f5b4sUARnBjGWiXXlng,The President,44.4656427,26.1244576
ChIJCcjrkpv4sUARbddtT5jwgaI,Tapo,44.47168499999999,26.116072
ChIJ0_00Yp74sUARQyTkq4SFTGg,Dancing Lobster - Restaurant portughez cu peste si fructe de mare - Oferim livrare,44.4709656,26.1102118
ChIJa-IwKLv4sUARKpOf3vyT1XA,Circus Pub,44.4592482,26.1113396
ChIJRQOOZ574sUARdtVCF76Fylo,Divan,44.4708498,26.1092866
ChIJgUHJ5aH4sUARw6hdXRzzb9A,Rossini Lounge,44.4598411,26.1065265
ChIJgRzDw6P4sUARdmLwF42kscE,McDonald's,44.4638047,26.1085451
ChIJ6QXolL_4sUARIUTE7L8ApqY,Terasa Veche Restaurant,44.4615203,26.1267354
ChIJVVUlZ5T4sUAR1aRWmgGzY0g,Ghica Tei Palace,44.4661048,26.1282141
ChIJwXa6Jj35sUAR9jfD0E-n93Q,Juiceit -The Juice Factory,44.4660895,26.1156633
ChIJj2mencn5sUARJDOrJfQ0T9g,OXYA by BAMBOO,44.467303,26.116451
ChIJ96RmAXn5sUARZV5qMWojm1M,NIDO Bucharest,44.4673096,26.1164515
ChIJEz2JLKP4sUARXk2U6sHvYG0,Fabio Pizza Opanez,44.4631262,26.1141908
ChIJZfTQYD_5sUARVNSqD2Do1Vc,NEOPOLIS PIZZA FAMILY,44.467443,26.113581
ChIJQ3wXi4L4sUARReA2k4ox_qg,Bacania Veche - The Charity Shop,44.4778344,26.11498779999999
ChIJCcjrkpv4sUARbddtT5jwgaI,Tapo,44.47168499999999,26.116072
ChIJA8QCWoL4sUARO-mKoflVR-4,Armony Brasserie,44.4780177,26.116241
ChIJ6VJvYYL4sUARde8ncnEl0jM,Subway,44.4783193,26.11615
ChIJ0_00Yp74sUARQyTkq4SFTGg,Dancing Lobster - Restaurant portughez cu peste si fructe de mare - Oferim livrare,44.4709656,26.1102118
ChIJydKYKZn4sUARimyv-vhnkNw,Yellow.Menu,44.46918060000001,26.11299
ChIJTTeE2HcCskARBOv792SYxkw,Glucoza Bar,44.474784,26.1083005
ChIJRQOOZ574sUARdtVCF76Fylo,Divan,44.4708498,26.1092866
ChIJtfpvM38CskARuXmN9GlL-L4,EAT ETC,44.48092210000001,26.11369629999999
ChIJnZorWX8CskARutPv41rNcbc,Gyros Mania,44.48113699999999,26.1161833
ChIJjQxuuYH4sUARRcTUY6IdAu4,Pizza Hut Delivery,44.4810307,26.1189555
ChIJaQGR76H4sUARCKr3FjcZSAU,Seva Cuisine & Lounge,44.4763637,26.1063405
ChIJJ3dYEXcCskARsVBnLfBvWZ0,1 Minute Lakeview,44.476162,26.106238
ChIJeUC66HUCskARjxgsm8zFnD0,uanderful,44.4725263,26.1057781
ChIJJ0mb6HUCskARu1fNKSu4PFc,Fratellini Bistro,44.4723317,26.105733
ChIJgez3Apj4sUARe5BG3z4ZAfE,33 Pizza,44.4657717,26.11678689999999
ChIJHwLV_ID4sUARm8OlhIoeHlI,EatEtc Conect,44.4814939,26.1216296
ChIJB5DliZv4sUAR9YBZiAfRLTI,Velveto - Sala Ronda,44.4721127,26.1154273
ChIJNWC675v4sUARKJqhmP6GOVw,Rugby Club House,44.47124410000001,26.1156204
ChIJf7yfhYL4sUARyAhBgx_leKk,Pranzo by ESS @ Novo Park G,44.477667,26.114222
ChIJQ3wXi4L4sUARReA2k4ox_qg,Bacania Veche - The Charity Shop,44.4778344,26.11498779999999
ChIJ6SGEBoD4sUAR_6bpo5LxFvs,frufru fresh corner Inmedio,44.4835085,26.1184525
ChIJjQxuuYH4sUARRcTUY6IdAu4,Pizza Hut Delivery,44.4810307,26.1189555
ChIJB9N6WY0BskARHT1k79qUNVY,Burtoni Bistro Catering,44.48573750000001,26.1151298
ChIJnZorWX8CskARutPv41rNcbc,Gyros Mania,44.48113699999999,26.1161833
ChIJtfpvM38CskARuXmN9GlL-L4,EAT ETC,44.48092210000001,26.11369629999999
ChIJgbqlGoD4sUARbiHWZiMCQrw,La Focaccia,44.48359360000001,26.1197564
ChIJWWOACH4CskARdtNtpaoOAcA,Restaurant Jubile,44.4849652,26.1119874
ChIJOWa7oHsCskARDSfvlEvbBJE,Restaurant Le Reve,44.4846253,26.1113668
ChIJ95S8u4ACskART6P45o9jmCA,EpicFood,44.4865378,26.114701
ChIJHwLV_ID4sUARm8OlhIoeHlI,EatEtc Conect,44.4814939,26.1216296
ChIJ6VJvYYL4sUARde8ncnEl0jM,Subway,44.4783193,26.11615
ChIJA8QCWoL4sUARO-mKoflVR-4,Armony Brasserie,44.4780177,26.116241
ChIJK0bnc3wCskARdIv1uEsFn8E,Stradale Oregon Park,44.4816855,26.10736559999999
ChIJl18xw4MCskAR4x6GohoegHM,Restaurant Admin,44.48989479999999,26.1194721
ChIJX2KxhCf0skARUiFasAior4o,Domino's Pizza Pipera,44.4807604,26.1046055
ChIJM2bAV3oCskARWcyq2DYaSQk,View 4 Business Concept,44.48020899999999,26.103906
ChIJc0VB-HoCskAR877HMTiJFSU,JAPANOS AVIATIEI,44.4802686,26.10370039999999
ChIJiZ_d34H4sUARCzgYGHR7nEI,Pasha Doner Kebap,44.4813236,26.116714
ChIJV-tf6QMDskARDke8vieWCU0,Pizza Station Pipera,44.4812444,26.1165703
ChIJO3VdX38CskAR3hMeTYryTro,Șiș Kebab,44.4812002,26.11642729999999
ChIJl_hUQ6oDskARVryw8KrWxac,Stick It,44.4811736,26.1162864
ChIJkSbD4YH4sUARWDN_wV_OXR8,URBAN FOOD,44.481227,26.1166678
ChIJA0q4Wr8DskARzxHJxKMBNjo,Rotiseria Red Rooster,44.48105379999999,26.1159626
ChIJKVQ1WH8CskAR_ElAyLM8CSY,Hot Woks,44.48105100000001,26.1159641
ChIJ-WOqclMDskARP_Yl1NxoQxo,Pizzeria Luca,44.48098649999999,26.1159674
ChIJl7d4NH8CskARE7KKgSpC4-U,Culinarium,44.4813087,26.1141238
ChIJe-4s9b_5sUAR8mVpuIdaZaw,Stradale - Globalworth,44.4810876,26.1173614
ChIJ7fKKPu35sUARbzks0thCP1Q,eBun Grill & Doner,44.48085259999999,26.1169116
ChIJHWcnPhEDskARenYtlSRuBUY,2C Atelier de Chefs VAN,44.4806687,26.1158677
ChIJS-tNK0ADskAREFrYvs64r2k,Samsara,44.4842998,26.1184766
ChIJKYXzvZgDskARp6rHzx4y6xE,La Ciorbe - Pipera - Hermes,44.48113229999999,26.1132364
ChIJz0OWaO0DskARTqqL1EmxAzI,Taiji fast food chinezesc,44.4812149,26.1128705
ChIJJ6j3oq75sUARryVWkt-11Qk,Stradale Amazon,44.4805237,26.117652
ChIJX5SftoIDskARgE5hqukqX8Y,VOGLIA DI PASTA,44.4807116,26.1131924
ChIJG97bF4gDskARJEJYphp5kCc,Cantine 14,44.48432289999999,26.1193905
ChIJtZGoGvP5sUARP4jsCyW_BdA,Garden8,44.48091249999999,26.1197695
ChIJGZiBWTv5sUARYP-9bYd-K_Y,PopUp!,44.4796461,26.1177943
ChIJP0FbAVj5sUARpphYPery2S4,La Kantina,44.4807786,26.1198842
ChIJdUKK38b5sUARfYb_kmUpziA,La baracă,44.4806757,26.1198143
ChIJl18xw4MCskAR4x6GohoegHM,Restaurant Admin,44.48989479999999,26.1194721
ChIJ95S8u4ACskART6P45o9jmCA,EpicFood,44.4865378,26.114701
ChIJB9N6WY0BskARHT1k79qUNVY,Burtoni Bistro Catering,44.48573750000001,26.1151298
ChIJWWOACH4CskARdtNtpaoOAcA,Restaurant Jubile,44.4849652,26.1119874
ChIJOWa7oHsCskARDSfvlEvbBJE,Restaurant Le Reve,44.4846253,26.1113668
ChIJB6uwZHj4sUARNQOMjJmhWBg,Starbucks,44.4902751,26.1270759
ChIJ6SGEBoD4sUAR_6bpo5LxFvs,frufru fresh corner Inmedio,44.4835085,26.1184525
ChIJVVVlZ3j4sUARkW3qxJ9dSPA,Pizza Bonita,44.49004600000001,26.1271627
ChIJychwXXj4sUARaUJzP1EfXi8,Uncle John's Burgers,44.4902677,26.1273913
ChIJgbqlGoD4sUARbiHWZiMCQrw,La Focaccia,44.48359360000001,26.1197564
ChIJZ00Gonj4sUARbE8fg9DsrCQ,Ambery Hall,44.48918039999999,26.12470979999999
ChIJZ9djboQCskAR06LgFfMtlaU,Alexander Ballroom / Events Hall,44.4914622,26.1174938
ChIJ81UNhoMCskARFJvz1JB6eWU,Pranzo by ESS @ Integral Business Center,44.49103849999999,26.1194157
ChIJSX9EsOEDskAR6kIKzPQkMlw,Crust Artisan Bakery - Pipera,44.4896964,26.1187151
ChIJr3F2V0QDskARFaSraPsok6U,simco bucuresti,44.48995849999999,26.1193142
ChIJTykdV6wDskARynKKUJD70UE,Pranzo by ESS @ Porsche Pipera,44.4909417,26.1205849
ChIJlefRCuT_sUARXBkicNWUtP8,Celebration Catering,44.4932616,26.1260093
ChIJVwUyAssDskARJZ4D5xFr99A,Piano Bistro,44.49361649999999,26.1258595
ChIJDdYIr4ICskAR4Qy5qwtmF1A,McDonald's,44.4919517,26.1263104
ChIJS-tNK0ADskAREFrYvs64r2k,Samsara,44.4842998,26.1184766
ChIJm4spRQoDskARCoWS0ssreIc,Ama Cafe,44.4934602,26.1262028
ChIJG97bF4gDskARJEJYphp5kCc,Cantine 14,44.48432289999999,26.1193905
ChIJndPa4C4DskARZoVyu2507z8,TEHRAN PERSIAN FOOD,44.4845344,26.1112036
ChIJ693z_HD5sUAR3YM1eD7UOmY,Furgoneta Street Chefs,44.4900372,26.126705
ChIJL5qW_Sn5sUARY9WWuDTvAw0,Furgoneta Street Chefs,44.4900301,26.1267225
ChIJSW66djf5sUAR9T0aIWm-Dy8,HORECA - Street food,44.489057,26.1263807
ChIJlQJLXTL5sUAR1FgqhUICMOk,Shawarma Corner,44.4885997,26.1261974
ChIJI8UCWXP5sUARdv--01rS1QQ,Fresh BakeHouse,44.490014,26.1270683
ChIJiweDYHj4sUARKfygBTdiVNc,Toan's,44.4900429,26.1270818
ChIJOd2_ZJIDskARNAlWz4bltYc,hei,44.4934441,26.1270447
ChIJP8nL9nj4sUARvMOOsBZj-uc,Q's Inn Global,44.4895313,26.1272264
ChIJRV75ELf5sUARdlx7gsnKgV4,Jerry's Pizza - Pipera,44.4908172,26.1275798
ChIJg5NuCnj4sUARK02jQ2rWkV8,Dinner Food,44.4902235,26.1274979
ChIJ2b0lXHj4sUARuXt5ZmDjIBM,Hot Woks,44.4900986,26.1274684
ChIJ3eK_BsT5sUARDl47MVC3Uho,Lee Ho,44.4901986,26.127742
ChIJCTk4XjX5sUARLhL_WK9iv9k,La Pescaderia,44.4911397,26.1279231
ChIJl8Zij8r5sUARIaBRJi8yccQ,Pescadería by Alioli,44.4908556,26.1279646
ChIJr3kImNIDskARlEt_pfgEkko,Porto Gallo,44.49085849999999,26.12820169999999
ChIJZ9djboQCskAR06LgFfMtlaU,Alexander Ballroom / Events Hall,44.4914622,26.1174938
